headline_main,pub_date,lead_paragraph
Trump Picks Paul Atkins to Run the S.E.C.,2024-12-04T17:59:26+0000,
Trump Media May Be Mulling a Crypto Payment Service,2024-11-21T18:58:42+0000,
The Cryptocurrency You May Not Even Know You Own,2024-12-06T10:02:42+0000,
"Bitcoin Hits a Milestone: $100,000",2024-12-05T02:55:01+0000,
The NFT Is Dead. Long Live the NFT?,2024-12-05T10:02:24+0000,
Trump Organization Plans an Ethics Policy Without Banning Foreign Deals,2024-12-05T10:06:03+0000,
Will Trump Be the President of Vice?,2024-12-04T10:02:33+0000,
How Crypto Enthusiasts Hijacked a Dog Mayor Competition,2024-11-13T16:04:31+0000,
Crypto Industry Lobbies Trump and His Allies to Capitalize on Election Wins,2024-11-13T10:02:42+0000,
Peeling the $6.2 Million Banana: An Auction Explainer,2024-11-21T21:32:20+0000,
"Gary Wang, a Top FTX Executive, Is Given No Prison Time",2024-11-20T15:44:49+0000,
The Crypto Industry Spent Over $130 Million on the Election. It Paid Off.,2024-11-06T16:53:10+0000,
Bitcoin Surges to Record as Crypto Investors Cheer Trump Win,2024-11-06T03:52:36+0000,
Mr. Musk Goes to Washington — With a $2 Trillion Agenda,2024-11-13T12:47:17+0000,
Bitcoin and Stocks Set Records as Bullish Bets Continue,2024-11-11T15:03:57+0000,
A Banker Is Scouting Trump’s Nominees. Some Will Oversee His Interests.,2024-11-09T13:33:46+0000,
What a Trump Victory Means for Tech,2024-11-06T17:08:05+0000,
"Cryptocurrency Markets, Promoted by Trump, Brace for Election Volatility",2024-11-05T11:34:45+0000,
Why Harris and Trump Are Pandering to Crypto Plutocrats,2024-10-23T19:05:04+0000,
The Crypto Website Where the Election Odds Swing in Trump’s Favor,2024-10-25T09:06:27+0000,
